Niche,Average Comments
Technology,23.436666666666667
Gaming,60.50999999999999
Fitness,86.43666666666667
